category,file,source_rel
dsp/fft,extracted/dsp/fft/AICreativeAssistant.h,ResearchVault_unpacked/ResearchVault/AI_Systems/AICreativeAssistant.h
dsp/fft,extracted/dsp/fft/RomplerTheme.h,ResearchVault_unpacked/ResearchVault/Experimental/EMU_Engine/RomplerTheme.h
dsp/fft,extracted/dsp/fft/WindowingCompat.h,ResearchVault_unpacked/ResearchVault/Legacy/Compat_Files/WindowingCompat.h
dsp/fft,extracted/dsp/fft/Types.h,ResearchVault_unpacked/ResearchVault/Legacy/CoreMinimal_Archive/Types.h
dsp/fft,extracted/dsp/fft/STFTProcessor.cpp,ResearchVault_unpacked/ResearchVault/Legacy/DSPMinimal_Archive/STFTProcessor.cpp
dsp/fft,extracted/dsp/fft/STFTProcessor.h,ResearchVault_unpacked/ResearchVault/Legacy/DSPMinimal_Archive/STFTProcessor.h
dsp/fft,extracted/dsp/fft/ChimeraGuard.h,ResearchVault_unpacked/ResearchVault/Legacy/DSP_Complete/ChimeraGuard.h
dsp/fft,extracted/dsp/fft/OfflineStftAnalyzer.cpp,ResearchVault_unpacked/ResearchVault/Legacy/DSP_Complete/OfflineStftAnalyzer.cpp
dsp/fft,extracted/dsp/fft/OfflineStftAnalyzer.h,ResearchVault_unpacked/ResearchVault/Legacy/DSP_Complete/OfflineStftAnalyzer.h
dsp/fft,extracted/dsp/fft/RealtimeSpectral.h,ResearchVault_unpacked/ResearchVault/Legacy/DSP_Complete/RealtimeSpectral.h
dsp/fft,extracted/dsp/fft/SampleLoader.cpp,ResearchVault_unpacked/ResearchVault/Legacy/DSP_Complete/SampleLoader.cpp
dsp/fft,extracted/dsp/fft/SampleLoader.h,ResearchVault_unpacked/ResearchVault/Legacy/DSP_Complete/SampleLoader.h
dsp/fft,extracted/dsp/fft/SpectralEngine.cpp,ResearchVault_unpacked/ResearchVault/Legacy/DSP_Complete/SpectralEngine.cpp
dsp/fft,extracted/dsp/fft/SpectralEngine.h,ResearchVault_unpacked/ResearchVault/Legacy/DSP_Complete/SpectralEngine.h
dsp/fft,extracted/dsp/fft/SpectralEngine_Fixed.cpp,ResearchVault_unpacked/ResearchVault/Legacy/DSP_Complete/SpectralEngine_Fixed.cpp
dsp/fft,extracted/dsp/fft/SpectralEngine_Fixed.h,ResearchVault_unpacked/ResearchVault/Legacy/DSP_Complete/SpectralEngine_Fixed.h
dsp/fft,extracted/dsp/fft/SpectralModel.cpp,ResearchVault_unpacked/ResearchVault/Legacy/DSP_Complete/SpectralModel.cpp
dsp/fft,extracted/dsp/fft/SpectralModel.h,ResearchVault_unpacked/ResearchVault/Legacy/DSP_Complete/SpectralModel.h
dsp/fft,extracted/dsp/fft/SpectralPlayer.cpp,ResearchVault_unpacked/ResearchVault/Legacy/DSP_Complete/SpectralPlayer.cpp
dsp/fft,extracted/dsp/fft/SpectralPlayer.h,ResearchVault_unpacked/ResearchVault/Legacy/DSP_Complete/SpectralPlayer.h
dsp/fft,extracted/dsp/fft/StftPolicy.h,ResearchVault_unpacked/ResearchVault/Legacy/DSP_Complete/StftPolicy.h
dsp/fft,extracted/dsp/fft/BottomBar.cpp,ResearchVault_unpacked/ResearchVault/Legacy/GUI_Complete/BottomBar.cpp
dsp/fft,extracted/dsp/fft/BottomBar.h,ResearchVault_unpacked/ResearchVault/Legacy/GUI_Complete/BottomBar.h
dsp/fft,extracted/dsp/fft/CanvasComponent.cpp,ResearchVault_unpacked/ResearchVault/Legacy/GUI_Complete/CanvasComponent.cpp
dsp/fft,extracted/dsp/fft/LayoutOverlay.h,ResearchVault_unpacked/ResearchVault/Legacy/GUI_Complete/LayoutOverlay.h
dsp/fft,extracted/dsp/fft/MusicalFiltersRoom.h,ResearchVault_unpacked/ResearchVault/Legacy/GUI_Complete/MusicalFiltersRoom.h
dsp/fft,extracted/dsp/fft/HardwareTexture.h,ResearchVault_unpacked/ResearchVault/Legacy/GUI_Complete/Skin/HardwareTexture.h
dsp/fft,extracted/dsp/fft/SpectrogramComponent.cpp,ResearchVault_unpacked/ResearchVault/Legacy/GUI_Complete/SpectrogramComponent.cpp
dsp/fft,extracted/dsp/fft/SpectrogramComponent.h,ResearchVault_unpacked/ResearchVault/Legacy/GUI_Complete/SpectrogramComponent.h
dsp/fft,extracted/dsp/fft/MainClean.cpp,ResearchVault_unpacked/ResearchVault/Legacy/Legacy_Components_Archive/MainClean.cpp
dsp/fft,extracted/dsp/fft/MainComponent.cpp,ResearchVault_unpacked/ResearchVault/Legacy/Legacy_Components_Archive/MainComponent.cpp
dsp/fft,extracted/dsp/fft/MainComponent_Legacy.cpp,ResearchVault_unpacked/ResearchVault/Legacy/Legacy_Components_Archive/MainComponent_Legacy.cpp
dsp/fft,extracted/dsp/fft/CanvasComponent_Backup.cpp,ResearchVault_unpacked/ResearchVault/Legacy/Legacy_Components_Archive/canvas/CanvasComponent_Backup.cpp
dsp/fft,extracted/dsp/fft/CanvasComponent_Legacy.cpp,ResearchVault_unpacked/ResearchVault/Legacy/Legacy_Components_Archive/canvas/CanvasComponent_Legacy.cpp
dsp/fft,extracted/dsp/fft/CanvasComponent_Legacy.h,ResearchVault_unpacked/ResearchVault/Legacy/Legacy_Components_Archive/canvas/CanvasComponent_Legacy.h
dsp/fft,extracted/dsp/fft/PluginEditor.cpp,ResearchVault_unpacked/ResearchVault/Legacy/Legacy_Components_Archive/editors/PluginEditor.cpp
dsp/fft,extracted/dsp/fft/PluginEditorMVP.cpp,ResearchVault_unpacked/ResearchVault/Legacy/Legacy_Components_Archive/editors/PluginEditorMVP.cpp
dsp/fft,extracted/dsp/fft/MaskColumnLite.h,ResearchVault_unpacked/ResearchVault/Legacy/RT_Archive/MaskColumnLite.h
dsp/fft,extracted/dsp/fft/RenderSineFFTTest.cpp,ResearchVault_unpacked/ResearchVault/Legacy/Tests_Archive/RenderSineFFTTest.cpp
dsp/fft,extracted/dsp/fft/TestCanvasToSpectral.cpp,ResearchVault_unpacked/ResearchVault/Legacy/Tests_Archive/TestCanvasToSpectral.cpp
dsp/fft,extracted/dsp/fft/TestEMUFilter.cpp,ResearchVault_unpacked/ResearchVault/Legacy/Tests_Archive/TestEMUFilter.cpp
dsp/fft,extracted/dsp/fft/TestEMUFilter.h,ResearchVault_unpacked/ResearchVault/Legacy/Tests_Archive/TestEMUFilter.h
dsp/fft,extracted/dsp/fft/TestEMUFilterMinimal.cpp,ResearchVault_unpacked/ResearchVault/Legacy/Tests_Archive/TestEMUFilterMinimal.cpp
dsp/fft,extracted/dsp/fft/TestNonlinearFilter.cpp,ResearchVault_unpacked/ResearchVault/Legacy/Tests_Archive/TestNonlinearFilter.cpp
dsp/fft,extracted/dsp/fft/AdvancedPsychoacousticEngine.h,ResearchVault_unpacked/ResearchVault/Psychoacoustics/AdvancedPsychoacousticEngine.h
dsp/fft,extracted/dsp/fft/SpectralPaintNode.cpp,ResearchVault_unpacked/ResearchVault/Synthesis_Engines/DSP_Nodes/SpectralPaintNode.cpp
dsp/fft,extracted/dsp/fft/SpectralPaintNode.h,ResearchVault_unpacked/ResearchVault/Synthesis_Engines/DSP_Nodes/SpectralPaintNode.h
dsp/fft,extracted/dsp/fft/AlchemistLabTheme.cpp,ResearchVault_unpacked/ResearchVault/UI_Frameworks/Archived_UI_Framework_1/AlchemistLabTheme.cpp
dsp/fft,extracted/dsp/fft/ZPlaneLogFreqLUT.h,ResearchVault_unpacked/ResearchVault/_snapshots/snap_20250912-102836_zplane-artefacts/ZPlane/ZPlaneLogFreqLUT.h
dsp/fft,extracted/dsp/fft/CanvasComponent_Legacy.cpp,Source_unpacked/Source/CanvasComponent_Legacy.cpp
dsp/fft,extracted/dsp/fft/CanvasComponent_Legacy.h,Source_unpacked/Source/CanvasComponent_Legacy.h
dsp/fft,extracted/dsp/fft/AICreativeAssistant.h,Source_unpacked/Source/Core/AICreativeAssistant.h
dsp/fft,extracted/dsp/fft/AdvancedPsychoacousticEngine.h,Source_unpacked/Source/Core/AdvancedPsychoacousticEngine.h
dsp/fft,extracted/dsp/fft/CDPSpectralEngine.cpp,Source_unpacked/Source/Core/CDPSpectralEngine.cpp
dsp/fft,extracted/dsp/fft/CDPSpectralEngine.h,Source_unpacked/Source/Core/CDPSpectralEngine.h
dsp/fft,extracted/dsp/fft/GPUAccelerationEngine.h,Source_unpacked/Source/Core/GPUAccelerationEngine.h
dsp/fft,extracted/dsp/fft/PaintEngine.cpp,Source_unpacked/Source/Core/PaintEngine.cpp
dsp/fft,extracted/dsp/fft/ProfessionalMeteringSuite.h,Source_unpacked/Source/Core/ProfessionalMeteringSuite.h
dsp/fft,extracted/dsp/fft/SampleMaskingEngine.cpp,Source_unpacked/Source/Core/SampleMaskingEngine.cpp
dsp/fft,extracted/dsp/fft/SampleMaskingEngine.h,Source_unpacked/Source/Core/SampleMaskingEngine.h
dsp/fft,extracted/dsp/fft/SecretSauceEngine.cpp,Source_unpacked/Source/Core/SecretSauceEngine.cpp
dsp/fft,extracted/dsp/fft/SpectralBrushPresets.h,Source_unpacked/Source/Core/SpectralBrushPresets.h
dsp/fft,extracted/dsp/fft/SpectralMask.cpp,Source_unpacked/Source/Core/SpectralMask.cpp
dsp/fft,extracted/dsp/fft/SpectralMask.h,Source_unpacked/Source/Core/SpectralMask.h
dsp/fft,extracted/dsp/fft/SpectralProcessor.h,Source_unpacked/Source/Core/SpectralProcessor.h
dsp/fft,extracted/dsp/fft/SpectralSynthEngine.cpp,Source_unpacked/Source/Core/SpectralSynthEngine.cpp
dsp/fft,extracted/dsp/fft/SpectralSynthEngine.h,Source_unpacked/Source/Core/SpectralSynthEngine.h
dsp/fft,extracted/dsp/fft/VisualFeedbackEngine.cpp,Source_unpacked/Source/Core/VisualFeedbackEngine.cpp
dsp/fft,extracted/dsp/fft/LayoutOverlay.h,Source_unpacked/Source/GUI/LayoutOverlay.h
dsp/fft,extracted/dsp/fft/MusicalFiltersRoom.h,Source_unpacked/Source/GUI/MusicalFiltersRoom.h
dsp/fft,extracted/dsp/fft/PluginEditor.cpp,Source_unpacked/Source/GUI/PluginEditor.cpp
dsp/fft,extracted/dsp/fft/HardwareTexture.h,Source_unpacked/Source/GUI/Skin/HardwareTexture.h
dsp/fft,extracted/dsp/fft/MainClean.cpp,Source_unpacked/Source/MainClean.cpp
dsp/fft,extracted/dsp/fft/MainComponent.cpp,Source_unpacked/Source/MainComponent.cpp
dsp/fft,extracted/dsp/fft/MainComponent_Legacy.cpp,Source_unpacked/Source/MainComponent_Legacy.cpp
dsp/fft,extracted/dsp/fft/MainEMU.cpp,Source_unpacked/Source/MainEMU.cpp
dsp/fft,extracted/dsp/fft/ProfessionalErrorDialog.cpp,Source_unpacked/Source/ProfessionalErrorDialog.cpp
dsp/fft,extracted/dsp/fft/ProfessionalKeyboardShortcuts.h,Source_unpacked/Source/ProfessionalKeyboardShortcuts.h
dsp/fft,extracted/dsp/fft/SpectralCanvasApp.h,Source_unpacked/Source/SpectralCanvasApp.h
dsp/fft,extracted/dsp/fft/AlchemistLabTheme.cpp,Source_unpacked/Source/UI/AlchemistLabTheme.cpp
dsp/fft,extracted/dsp/fft/RomplerTheme.h,Source_unpacked/Source/UI/RomplerTheme.h
dsp/fft,extracted/dsp/fft/VintageProLookAndFeel.cpp,Source_unpacked/Source/VintageProLookAndFeel.cpp
dsp/fft,extracted/dsp/fft/VintageProLookAndFeel.h,Source_unpacked/Source/VintageProLookAndFeel.h
dsp/fft,extracted/dsp/fft/CanvasMaskBuilder.cpp,Source_unpacked/Source/duplicates/CanvasMaskBuilder.cpp
dsp/fft,extracted/dsp/fft/CanvasMaskBuilder.h,Source_unpacked/Source/duplicates/CanvasMaskBuilder.h
dsp/fft,extracted/dsp/fft/GPUAccelerationEngine.h,Source_unpacked/Source/duplicates/GPUAccelerationEngine.h
dsp/fft,extracted/dsp/fft/MessageBus_Old.h,Source_unpacked/Source/duplicates/MessageBus_Old.h
dsp/fft,extracted/dsp/fft/SpectrogramRenderer.h,Source_unpacked/Source/duplicates/SpectrogramRenderer.h
dsp/fft,extracted/dsp/fft/D3D11Renderer.cpp,SpectralCanvasPro_Research_Assets_unpacked/SpectralCanvasPro_Research_Assets/GPU_Acceleration/Viz/backends/D3D11Renderer.cpp
dsp/fft,extracted/dsp/fft/D3D11Renderer.h,SpectralCanvasPro_Research_Assets_unpacked/SpectralCanvasPro_Research_Assets/GPU_Acceleration/Viz/backends/D3D11Renderer.h
dsp/fft,extracted/dsp/fft/ZPlaneLogFreqLUT.h,SpectralCanvasPro_Research_Assets_unpacked/SpectralCanvasPro_Research_Assets/Synthesis_Engines/ZPlane/ZPlaneLogFreqLUT.h
dsp/filters,extracted/dsp/filters/D3D11Renderer_Fixed.cpp,ResearchVault_unpacked/ResearchVault/Experimental/EMU_Engine/D3D11Renderer_Fixed.cpp
dsp/filters,extracted/dsp/filters/EMUAssetManager.cpp,ResearchVault_unpacked/ResearchVault/Experimental/EMU_Engine/EMUAssetManager.cpp
dsp/filters,extracted/dsp/filters/EMUAssetManager.h,ResearchVault_unpacked/ResearchVault/Experimental/EMU_Engine/EMUAssetManager.h
dsp/filters,extracted/dsp/filters/EMUDesktopLookAndFeel.h,ResearchVault_unpacked/ResearchVault/Experimental/EMU_Engine/EMUDesktopLookAndFeel.h
dsp/filters,extracted/dsp/filters/EMUFilter.cpp,ResearchVault_unpacked/ResearchVault/Experimental/EMU_Engine/EMUFilter.cpp
dsp/filters,extracted/dsp/filters/EMUFilter.h,ResearchVault_unpacked/ResearchVault/Experimental/EMU_Engine/EMUFilter.h
dsp/filters,extracted/dsp/filters/EMUModulation.cpp,ResearchVault_unpacked/ResearchVault/Experimental/EMU_Engine/EMUModulation.cpp
dsp/filters,extracted/dsp/filters/EMUModulation.h,ResearchVault_unpacked/ResearchVault/Experimental/EMU_Engine/EMUModulation.h
dsp/filters,extracted/dsp/filters/EMURomplerComponent.cpp,ResearchVault_unpacked/ResearchVault/Experimental/EMU_Engine/EMURomplerComponent.cpp
dsp/filters,extracted/dsp/filters/EMURomplerComponent.h,ResearchVault_unpacked/ResearchVault/Experimental/EMU_Engine/EMURomplerComponent.h
dsp/filters,extracted/dsp/filters/EMURomplerEngine.cpp,ResearchVault_unpacked/ResearchVault/Experimental/EMU_Engine/EMURomplerEngine.cpp
dsp/filters,extracted/dsp/filters/EMURomplerEngine.h,ResearchVault_unpacked/ResearchVault/Experimental/EMU_Engine/EMURomplerEngine.h
dsp/filters,extracted/dsp/filters/EMURomplerLookAndFeel.cpp,ResearchVault_unpacked/ResearchVault/Experimental/EMU_Engine/EMURomplerLookAndFeel.cpp
dsp/filters,extracted/dsp/filters/EMURomplerLookAndFeel.h,ResearchVault_unpacked/ResearchVault/Experimental/EMU_Engine/EMURomplerLookAndFeel.h
dsp/filters,extracted/dsp/filters/EMUSampleEngine.cpp,ResearchVault_unpacked/ResearchVault/Experimental/EMU_Engine/EMUSampleEngine.cpp
dsp/filters,extracted/dsp/filters/EMUSampleEngine.h,ResearchVault_unpacked/ResearchVault/Experimental/EMU_Engine/EMUSampleEngine.h
dsp/filters,extracted/dsp/filters/KeyFilter.h,ResearchVault_unpacked/ResearchVault/Legacy/DSP_Complete/KeyFilter.h
dsp/filters,extracted/dsp/filters/MorphFilter.h,ResearchVault_unpacked/ResearchVault/Legacy/DSP_Complete/MorphFilter.h
dsp/filters,extracted/dsp/filters/SpectralEngineStub.cpp,ResearchVault_unpacked/ResearchVault/Legacy/DSP_Complete/SpectralEngineStub.cpp
dsp/filters,extracted/dsp/filters/SpectralEngineStub.h,ResearchVault_unpacked/ResearchVault/Legacy/DSP_Complete/SpectralEngineStub.h
dsp/filters,extracted/dsp/filters/SynthEngine.h,ResearchVault_unpacked/ResearchVault/Legacy/DSP_Complete/SynthEngine.h
dsp/filters,extracted/dsp/filters/VoicePool.h,ResearchVault_unpacked/ResearchVault/Legacy/DSP_Complete/VoicePool.h
dsp/filters,extracted/dsp/filters/AudioTrace.h,ResearchVault_unpacked/ResearchVault/Legacy/Dev_Tools/AudioTrace.h
dsp/filters,extracted/dsp/filters/BrushTools.cpp,ResearchVault_unpacked/ResearchVault/Legacy/GUI_Complete/BrushTools.cpp
dsp/filters,extracted/dsp/filters/HeaderBarComponent.cpp,ResearchVault_unpacked/ResearchVault/Legacy/GUI_Complete/HeaderBarComponent.cpp
dsp/filters,extracted/dsp/filters/HeaderBarComponent.h,ResearchVault_unpacked/ResearchVault/Legacy/GUI_Complete/HeaderBarComponent.h
dsp/filters,extracted/dsp/filters/ImageParamsPanel.cpp,ResearchVault_unpacked/ResearchVault/Legacy/GUI_Complete/ImageParamsPanel.cpp
dsp/filters,extracted/dsp/filters/LookAndFeelTokens.h,ResearchVault_unpacked/ResearchVault/Legacy/GUI_Complete/LookAndFeelTokens.h
dsp/filters,extracted/dsp/filters/MorphFilterPanel.cpp,ResearchVault_unpacked/ResearchVault/Legacy/GUI_Complete/MorphFilterPanel.cpp
dsp/filters,extracted/dsp/filters/MorphFilterPanel.h,ResearchVault_unpacked/ResearchVault/Legacy/GUI_Complete/MorphFilterPanel.h
dsp/filters,extracted/dsp/filters/MusicalFiltersRoom.cpp,ResearchVault_unpacked/ResearchVault/Legacy/GUI_Complete/MusicalFiltersRoom.cpp
dsp/filters,extracted/dsp/filters/PaintControlPanel.cpp,ResearchVault_unpacked/ResearchVault/Legacy/GUI_Complete/PaintControlPanel.cpp
dsp/filters,extracted/dsp/filters/RetroCanvasComponent.cpp,ResearchVault_unpacked/ResearchVault/Legacy/GUI_Complete/RetroCanvasComponent.cpp
dsp/filters,extracted/dsp/filters/RoomManager.h,ResearchVault_unpacked/ResearchVault/Legacy/GUI_Complete/RoomManager.h
dsp/filters,extracted/dsp/filters/RoomsView.cpp,ResearchVault_unpacked/ResearchVault/Legacy/GUI_Complete/RoomsView.cpp
dsp/filters,extracted/dsp/filters/RoomsView.h,ResearchVault_unpacked/ResearchVault/Legacy/GUI_Complete/RoomsView.h
dsp/filters,extracted/dsp/filters/SampleSlotComponent.cpp,ResearchVault_unpacked/ResearchVault/Legacy/GUI_Complete/SampleSlotComponent.cpp
dsp/filters,extracted/dsp/filters/TubePanel.cpp,ResearchVault_unpacked/ResearchVault/Legacy/GUI_Complete/TubePanel.cpp
dsp/filters,extracted/dsp/filters/MainComponent.h,ResearchVault_unpacked/ResearchVault/Legacy/Legacy_Components_Archive/MainComponent.h
dsp/filters,extracted/dsp/filters/MainComponentClean.cpp,ResearchVault_unpacked/ResearchVault/Legacy/Legacy_Components_Archive/MainComponentClean.cpp
dsp/filters,extracted/dsp/filters/MainComponent_Minimal.cpp,ResearchVault_unpacked/ResearchVault/Legacy/Legacy_Components_Archive/MainComponent_Minimal.cpp
dsp/filters,extracted/dsp/filters/RetroCanvasComponent.h,ResearchVault_unpacked/ResearchVault/Legacy/Legacy_Components_Archive/RetroCanvasComponent.h
dsp/filters,extracted/dsp/filters/CanvasComponent.cpp,ResearchVault_unpacked/ResearchVault/Legacy/Legacy_Components_Archive/canvas/CanvasComponent.cpp
dsp/filters,extracted/dsp/filters/CanvasComponent_Minimal.cpp,ResearchVault_unpacked/ResearchVault/Legacy/Legacy_Components_Archive/canvas/CanvasComponent_Minimal.cpp
dsp/filters,extracted/dsp/filters/PluginEditorMVP.h,ResearchVault_unpacked/ResearchVault/Legacy/Legacy_Components_Archive/editors/PluginEditorMVP.h
dsp/filters,extracted/dsp/filters/PluginEditorRetro.cpp,ResearchVault_unpacked/ResearchVault/Legacy/Legacy_Components_Archive/editors/PluginEditorRetro.cpp
dsp/filters,extracted/dsp/filters/PluginEditorRetro.h,ResearchVault_unpacked/ResearchVault/Legacy/Legacy_Components_Archive/editors/PluginEditorRetro.h
dsp/filters,extracted/dsp/filters/PluginEditorY2K.cpp,ResearchVault_unpacked/ResearchVault/Legacy/Legacy_Components_Archive/editors/PluginEditorY2K.cpp
dsp/filters,extracted/dsp/filters/RetroCanvasProcessor.h,ResearchVault_unpacked/ResearchVault/Legacy/Legacy_Components_Archive/lookandfeel/RetroCanvasProcessor.h
dsp/filters,extracted/dsp/filters/EMUFilter_RedTests.cpp,ResearchVault_unpacked/ResearchVault/Legacy/Tests_Archive/EMUFilter_RedTests.cpp
dsp/filters,extracted/dsp/filters/RunAllTests.cpp,ResearchVault_unpacked/ResearchVault/Legacy/Tests_Archive/RunAllTests.cpp
dsp/filters,extracted/dsp/filters/TestFilter_Automation60Hz.cpp,ResearchVault_unpacked/ResearchVault/Legacy/Tests_Archive/TestFilter_Automation60Hz.cpp
dsp/filters,extracted/dsp/filters/TestPaintQueue.h,ResearchVault_unpacked/ResearchVault/Legacy/Tests_Archive/TestPaintQueue.h
dsp/filters,extracted/dsp/filters/TestProcessor_FilterIntegration.cpp,ResearchVault_unpacked/ResearchVault/Legacy/Tests_Archive/TestProcessor_FilterIntegration.cpp
dsp/filters,extracted/dsp/filters/record_demo.cpp,ResearchVault_unpacked/ResearchVault/Legacy/Tools_Archive/record_demo.cpp
dsp/filters,extracted/dsp/filters/render_test_input.cpp,ResearchVault_unpacked/ResearchVault/Legacy/Tools_Archive/render_test_input.cpp
dsp/filters,extracted/dsp/filters/render_test_simple.cpp,ResearchVault_unpacked/ResearchVault/Legacy/Tools_Archive/render_test_simple.cpp
dsp/filters,extracted/dsp/filters/SafeLogger.h,ResearchVault_unpacked/ResearchVault/Legacy/Util_Archive/SafeLogger.h
dsp/filters,extracted/dsp/filters/MysteryButton.h,ResearchVault_unpacked/ResearchVault/UI_Frameworks/Archived_UI_Framework_1/MysteryButton.h
dsp/filters,extracted/dsp/filters/ZPlaneCoefficientBank.h,ResearchVault_unpacked/ResearchVault/_snapshots/snap_20250912-102836_zplane-artefacts/ZPlane/ZPlaneCoefficientBank.h
dsp/filters,extracted/dsp/filters/CanvasComponent.cpp,Source_unpacked/Source/CanvasComponent.cpp
dsp/filters,extracted/dsp/filters/CommandLinePanel.cpp,Source_unpacked/Source/CommandLinePanel.cpp
dsp/filters,extracted/dsp/filters/AtomicOscillator.h,Source_unpacked/Source/Core/AtomicOscillator.h
dsp/filters,extracted/dsp/filters/AudioRecorder.cpp,Source_unpacked/Source/Core/AudioRecorder.cpp
dsp/filters,extracted/dsp/filters/CEM3389Filter.cpp,Source_unpacked/Source/Core/CEM3389Filter.cpp
dsp/filters,extracted/dsp/filters/CEM3389Filter.h,Source_unpacked/Source/Core/CEM3389Filter.h
dsp/filters,extracted/dsp/filters/CollaborativeManager.h,Source_unpacked/Source/Core/CollaborativeManager.h
dsp/filters,extracted/dsp/filters/ColorToSpectralMapper.cpp,Source_unpacked/Source/Core/ColorToSpectralMapper.cpp
dsp/filters,extracted/dsp/filters/CommandQueue.h,Source_unpacked/Source/Core/CommandQueue.h
dsp/filters,extracted/dsp/filters/CommandQueueOptimized.h,Source_unpacked/Source/Core/CommandQueueOptimized.h
dsp/filters,extracted/dsp/filters/CrashToggles.h,Source_unpacked/Source/Core/CrashToggles.h
dsp/filters,extracted/dsp/filters/EMUFilter.cpp,Source_unpacked/Source/Core/EMUFilter.cpp
dsp/filters,extracted/dsp/filters/EMUFilter.h,Source_unpacked/Source/Core/EMUFilter.h
dsp/filters,extracted/dsp/filters/EMUModulation.cpp,Source_unpacked/Source/Core/EMUModulation.cpp
dsp/filters,extracted/dsp/filters/EMUModulation.h,Source_unpacked/Source/Core/EMUModulation.h
dsp/filters,extracted/dsp/filters/EMURomplerEngine.cpp,Source_unpacked/Source/Core/EMURomplerEngine.cpp
dsp/filters,extracted/dsp/filters/EMURomplerEngine.h,Source_unpacked/Source/Core/EMURomplerEngine.h
dsp/filters,extracted/dsp/filters/EMUSampleEngine.cpp,Source_unpacked/Source/Core/EMUSampleEngine.cpp
dsp/filters,extracted/dsp/filters/EMUSampleEngine.h,Source_unpacked/Source/Core/EMUSampleEngine.h
dsp/filters,extracted/dsp/filters/ForgeProcessor.cpp,Source_unpacked/Source/Core/ForgeProcessor.cpp
dsp/filters,extracted/dsp/filters/ForgeVoice.h,Source_unpacked/Source/Core/ForgeVoice.h
dsp/filters,extracted/dsp/filters/LinearTrackerEngine.h,Source_unpacked/Source/Core/LinearTrackerEngine.h
dsp/filters,extracted/dsp/filters/MorphFilter.cpp,Source_unpacked/Source/Core/MorphFilter.cpp
dsp/filters,extracted/dsp/filters/MorphFilter.h,Source_unpacked/Source/Core/MorphFilter.h
dsp/filters,extracted/dsp/filters/OptimizedCommands.h,Source_unpacked/Source/Core/OptimizedCommands.h
dsp/filters,extracted/dsp/filters/PaintEngine.h,Source_unpacked/Source/Core/PaintEngine.h
dsp/filters,extracted/dsp/filters/PaintEngineMinimal.cpp,Source_unpacked/Source/Core/PaintEngineMinimal.cpp
dsp/filters,extracted/dsp/filters/PerformanceProfiler.cpp,Source_unpacked/Source/Core/PerformanceProfiler.cpp
dsp/filters,extracted/dsp/filters/PluginProcessor.cpp,Source_unpacked/Source/Core/PluginProcessor.cpp
dsp/filters,extracted/dsp/filters/PluginProcessor.h,Source_unpacked/Source/Core/PluginProcessor.h
dsp/filters,extracted/dsp/filters/PremiumFeatures.cpp,Source_unpacked/Source/Core/PremiumFeatures.cpp
dsp/filters,extracted/dsp/filters/PremiumFeatures.h,Source_unpacked/Source/Core/PremiumFeatures.h
dsp/filters,extracted/dsp/filters/RetroCanvasProcessor.h,Source_unpacked/Source/Core/RetroCanvasProcessor.h
dsp/filters,extracted/dsp/filters/SecretSauceEngine.h,Source_unpacked/Source/Core/SecretSauceEngine.h
dsp/filters,extracted/dsp/filters/SessionManager.cpp,Source_unpacked/Source/Core/SessionManager.cpp
dsp/filters,extracted/dsp/filters/SpatialSampleGrid.cpp,Source_unpacked/Source/Core/SpatialSampleGrid.cpp
dsp/filters,extracted/dsp/filters/SpatialSampleGrid.h,Source_unpacked/Source/Core/SpatialSampleGrid.h
dsp/filters,extracted/dsp/filters/SpectralBrushPresets.cpp,Source_unpacked/Source/Core/SpectralBrushPresets.cpp
dsp/filters,extracted/dsp/filters/SystemIntegrityTest.h,Source_unpacked/Source/Core/SystemIntegrityTest.h
dsp/filters,extracted/dsp/filters/TubeStage.cpp,Source_unpacked/Source/Core/TubeStage.cpp
dsp/filters,extracted/dsp/filters/TubeStage.h,Source_unpacked/Source/Core/TubeStage.h
dsp/filters,extracted/dsp/filters/EMURomplerComponent.cpp,Source_unpacked/Source/EMURomplerComponent.cpp
dsp/filters,extracted/dsp/filters/EMURomplerComponent.h,Source_unpacked/Source/EMURomplerComponent.h
dsp/filters,extracted/dsp/filters/ConfigRoomsOverride.h,Source_unpacked/Source/GUI/ConfigRoomsOverride.h
dsp/filters,extracted/dsp/filters/HeaderBarComponent.cpp,Source_unpacked/Source/GUI/HeaderBarComponent.cpp
dsp/filters,extracted/dsp/filters/HeaderBarComponent.h,Source_unpacked/Source/GUI/HeaderBarComponent.h
dsp/filters,extracted/dsp/filters/ImageParamsPanel.cpp,Source_unpacked/Source/GUI/InspectorPanels/ImageParamsPanel.cpp
dsp/filters,extracted/dsp/filters/MorphFilterPanel.cpp,Source_unpacked/Source/GUI/InspectorPanels/MorphFilterPanel.cpp
dsp/filters,extracted/dsp/filters/MorphFilterPanel.h,Source_unpacked/Source/GUI/InspectorPanels/MorphFilterPanel.h
dsp/filters,extracted/dsp/filters/TubePanel.cpp,Source_unpacked/Source/GUI/InspectorPanels/TubePanel.cpp
dsp/filters,extracted/dsp/filters/MusicalFiltersRoom.cpp,Source_unpacked/Source/GUI/MusicalFiltersRoom.cpp
dsp/filters,extracted/dsp/filters/PaintControlPanel.cpp,Source_unpacked/Source/GUI/PaintControlPanel.cpp
dsp/filters,extracted/dsp/filters/PluginEditorRetro.cpp,Source_unpacked/Source/GUI/PluginEditorRetro.cpp
dsp/filters,extracted/dsp/filters/PluginEditorRetro.h,Source_unpacked/Source/GUI/PluginEditorRetro.h
dsp/filters,extracted/dsp/filters/RetroCanvasComponent.cpp,Source_unpacked/Source/GUI/RetroCanvasComponent.cpp
dsp/filters,extracted/dsp/filters/RetroCanvasComponent.h,Source_unpacked/Source/GUI/RetroCanvasComponent.h
dsp/filters,extracted/dsp/filters/RoomManager.h,Source_unpacked/Source/GUI/RoomManager.h
dsp/filters,extracted/dsp/filters/RoomsView.cpp,Source_unpacked/Source/GUI/RoomsView.cpp
dsp/filters,extracted/dsp/filters/RoomsView.h,Source_unpacked/Source/GUI/RoomsView.h
dsp/filters,extracted/dsp/filters/SampleSlotComponent.cpp,Source_unpacked/Source/GUI/SampleSlotComponent.cpp
dsp/filters,extracted/dsp/filters/MainComponent.h,Source_unpacked/Source/MainComponent.h
dsp/filters,extracted/dsp/filters/MainComponentClean.cpp,Source_unpacked/Source/MainComponentClean.cpp
dsp/filters,extracted/dsp/filters/MainComponent_Minimal.cpp,Source_unpacked/Source/MainComponent_Minimal.cpp
dsp/filters,extracted/dsp/filters/ParamIDs.h,Source_unpacked/Source/ParamIDs.h
dsp/filters,extracted/dsp/filters/TrackerPatternComponent.cpp,Source_unpacked/Source/TrackerPatternComponent.cpp
dsp/filters,extracted/dsp/filters/EMUAssetManager.cpp,Source_unpacked/Source/UI/EMUAssetManager.cpp
dsp/filters,extracted/dsp/filters/EMUAssetManager.h,Source_unpacked/Source/UI/EMUAssetManager.h
dsp/filters,extracted/dsp/filters/EMUDesktopLookAndFeel.h,Source_unpacked/Source/UI/EMUDesktopLookAndFeel.h
dsp/filters,extracted/dsp/filters/EMURomplerLookAndFeel.cpp,Source_unpacked/Source/UI/EMURomplerLookAndFeel.cpp
dsp/filters,extracted/dsp/filters/EMURomplerLookAndFeel.h,Source_unpacked/Source/UI/EMURomplerLookAndFeel.h
dsp/filters,extracted/dsp/filters/ZPlaneCoefficientBank.h,SpectralCanvasPro_Research_Assets_unpacked/SpectralCanvasPro_Research_Assets/Synthesis_Engines/ZPlane/ZPlaneCoefficientBank.h
dsp/filters,extracted/dsp/filters/CEM3389Filter.cpp,SpectralResearchVault_unpacked/SpectralResearchVault/Analog/CEM3389Filter/CEM3389Filter.cpp
dsp/filters,extracted/dsp/filters/CEM3389Filter.h,SpectralResearchVault_unpacked/SpectralResearchVault/Analog/CEM3389Filter/CEM3389Filter.h
dsp/filters,extracted/dsp/filters/MorphFilter.h,SpectralResearchVault_unpacked/SpectralResearchVault/Analog/MorphFilter/MorphFilter.h
dsp/filters,extracted/dsp/filters/VintageCanvasProcessor.h,SpectralResearchVault_unpacked/SpectralResearchVault/PluginConcepts/VintageCanvas/VintageCanvasProcessor.h
dsp/modulation,extracted/dsp/modulation/GPUMetrics.h,ResearchVault_unpacked/ResearchVault/GPU_Acceleration/GPUMetrics.h
dsp/modulation,extracted/dsp/modulation/GPUStatus.h,ResearchVault_unpacked/ResearchVault/GPU_Acceleration/GPUStatus.h
dsp/modulation,extracted/dsp/modulation/MaskGrid.h,ResearchVault_unpacked/ResearchVault/Legacy/DSPMinimal_Archive/MaskGrid.h
dsp/modulation,extracted/dsp/modulation/HopFifo.h,ResearchVault_unpacked/ResearchVault/Legacy/DSP_Complete/HopFifo.h
dsp/modulation,extracted/dsp/modulation/MaskTestFeeder.cpp,ResearchVault_unpacked/ResearchVault/Legacy/DSP_Complete/MaskTestFeeder.cpp
dsp/modulation,extracted/dsp/modulation/SpscRing.h,ResearchVault_unpacked/ResearchVault/Legacy/DSP_Complete/SpscRing.h
dsp/modulation,extracted/dsp/modulation/SpscRingBuffer.h,ResearchVault_unpacked/ResearchVault/Legacy/DSP_Complete/SpscRingBuffer.h
dsp/modulation,extracted/dsp/modulation/TripleMailbox.h,ResearchVault_unpacked/ResearchVault/Legacy/DSP_Complete/TripleMailbox.h
dsp/modulation,extracted/dsp/modulation/Voice.h,ResearchVault_unpacked/ResearchVault/Legacy/DSP_Complete/Voice.h
dsp/modulation,extracted/dsp/modulation/ExportDialog.cpp,ResearchVault_unpacked/ResearchVault/Legacy/GUI_Complete/ExportDialog.cpp
dsp/modulation,extracted/dsp/modulation/ImageParamsPanel.h,ResearchVault_unpacked/ResearchVault/Legacy/GUI_Complete/ImageParamsPanel.h
dsp/modulation,extracted/dsp/modulation/MinimalTopStrip.cpp,ResearchVault_unpacked/ResearchVault/Legacy/GUI_Complete/MinimalTopStrip.cpp
dsp/modulation,extracted/dsp/modulation/MinimalTopStrip.h,ResearchVault_unpacked/ResearchVault/Legacy/GUI_Complete/MinimalTopStrip.h
dsp/modulation,extracted/dsp/modulation/PerfHUD.cpp,ResearchVault_unpacked/ResearchVault/Legacy/GUI_Complete/PerfHUD.cpp
dsp/modulation,extracted/dsp/modulation/PixelCanvasComponent.cpp,ResearchVault_unpacked/ResearchVault/Legacy/GUI_Complete/PixelCanvasComponent.cpp
dsp/modulation,extracted/dsp/modulation/PixelCanvasComponent.h,ResearchVault_unpacked/ResearchVault/Legacy/GUI_Complete/PixelCanvasComponent.h
dsp/modulation,extracted/dsp/modulation/MainComponentClean.h,ResearchVault_unpacked/ResearchVault/Legacy/Legacy_Components_Archive/MainComponentClean.h
dsp/modulation,extracted/dsp/modulation/MainComponent_Minimal.h,ResearchVault_unpacked/ResearchVault/Legacy/Legacy_Components_Archive/MainComponent_Minimal.h
dsp/modulation,extracted/dsp/modulation/PluginEditorVector.cpp,ResearchVault_unpacked/ResearchVault/Legacy/Legacy_Components_Archive/editors/PluginEditorVector.cpp
dsp/modulation,extracted/dsp/modulation/PluginEditorY2K.h,ResearchVault_unpacked/ResearchVault/Legacy/Legacy_Components_Archive/editors/PluginEditorY2K.h
dsp/modulation,extracted/dsp/modulation/SpscQueueLite.h,ResearchVault_unpacked/ResearchVault/Legacy/RT_Archive/SpscQueueLite.h
dsp/modulation,extracted/dsp/modulation/Branding.h,ResearchVault_unpacked/ResearchVault/Legacy/State_Archive/Branding.h
dsp/modulation,extracted/dsp/modulation/StrokeEvents.h,ResearchVault_unpacked/ResearchVault/Legacy/State_Archive/StrokeEvents.h
dsp/modulation,extracted/dsp/modulation/PerformanceRegressionTests.cpp,ResearchVault_unpacked/ResearchVault/Legacy/Tests_Archive/PerformanceRegressionTests.cpp
dsp/modulation,extracted/dsp/modulation/TestAPVTSParams.cpp,ResearchVault_unpacked/ResearchVault/Legacy/Tests_Archive/TestAPVTSParams.cpp
dsp/modulation,extracted/dsp/modulation/TestEnginePreparedness.cpp,ResearchVault_unpacked/ResearchVault/Legacy/Tests_Archive/TestEnginePreparedness.cpp
dsp/modulation,extracted/dsp/modulation/ThreadSafetyTests.cpp,ResearchVault_unpacked/ResearchVault/Legacy/Tests_Archive/ThreadSafetyTests.cpp
dsp/modulation,extracted/dsp/modulation/Determinism.cpp,ResearchVault_unpacked/ResearchVault/Legacy/Util_Archive/Determinism.cpp
dsp/modulation,extracted/dsp/modulation/Panel.cpp,ResearchVault_unpacked/ResearchVault/UI_Frameworks/Archived_UI_Framework_1/Panel.cpp
dsp/modulation,extracted/dsp/modulation/SynthesisModeSelector.cpp,ResearchVault_unpacked/ResearchVault/UI_Frameworks/Archived_UI_Framework_1/SynthesisModeSelector.cpp
dsp/modulation,extracted/dsp/modulation/SynthesisModeSelector.h,ResearchVault_unpacked/ResearchVault/UI_Frameworks/Archived_UI_Framework_1/SynthesisModeSelector.h
dsp/modulation,extracted/dsp/modulation/AudioRecorder.h,Source_unpacked/Source/Core/AudioRecorder.h
dsp/modulation,extracted/dsp/modulation/DegradedModeManager.h,Source_unpacked/Source/Core/DegradedModeManager.h
dsp/modulation,extracted/dsp/modulation/DoubleBuffer.h,Source_unpacked/Source/Core/DoubleBuffer.h
dsp/modulation,extracted/dsp/modulation/IntegrationTest.cpp,Source_unpacked/Source/Core/IntegrationTest.cpp
dsp/modulation,extracted/dsp/modulation/LinearTrackerEngine.cpp,Source_unpacked/Source/Core/LinearTrackerEngine.cpp
dsp/modulation,extracted/dsp/modulation/MaskSnapshot.cpp,Source_unpacked/Source/Core/MaskSnapshot.cpp
dsp/modulation,extracted/dsp/modulation/MaskSnapshot.h,Source_unpacked/Source/Core/MaskSnapshot.h
dsp/modulation,extracted/dsp/modulation/ObjectPool.h,Source_unpacked/Source/Core/ObjectPool.h
dsp/modulation,extracted/dsp/modulation/OptimizedOscillatorPool.h,Source_unpacked/Source/Core/OptimizedOscillatorPool.h
dsp/modulation,extracted/dsp/modulation/PaintEngineMinimal.h,Source_unpacked/Source/Core/PaintEngineMinimal.h
dsp/modulation,extracted/dsp/modulation/RealtimeMemoryManager.cpp,Source_unpacked/Source/Core/RealtimeMemoryManager.cpp
dsp/modulation,extracted/dsp/modulation/RealtimeMemoryManager.h,Source_unpacked/Source/Core/RealtimeMemoryManager.h
dsp/modulation,extracted/dsp/modulation/RealtimeSafeAssertions.h,Source_unpacked/Source/Core/RealtimeSafeAssertions.h
dsp/modulation,extracted/dsp/modulation/ThreadSafePaintEngine.h,Source_unpacked/Source/Core/ThreadSafePaintEngine.h
dsp/modulation,extracted/dsp/modulation/ThreadSafetyTests.cpp,Source_unpacked/Source/Core/ThreadSafetyTests.cpp
dsp/modulation,extracted/dsp/modulation/ExportDialog.cpp,Source_unpacked/Source/GUI/ExportDialog.cpp
dsp/modulation,extracted/dsp/modulation/ImageParamsPanel.h,Source_unpacked/Source/GUI/InspectorPanels/ImageParamsPanel.h
dsp/modulation,extracted/dsp/modulation/MainComponentClean.h,Source_unpacked/Source/MainComponentClean.h
dsp/modulation,extracted/dsp/modulation/MainComponent_Minimal.h,Source_unpacked/Source/MainComponent_Minimal.h
dsp/modulation,extracted/dsp/modulation/PerformanceRegressionTests.cpp,Source_unpacked/Source/Tests/PerformanceRegressionTests.cpp
dsp/modulation,extracted/dsp/modulation/SynthesisModeSelector.cpp,Source_unpacked/Source/UI/SynthesisModeSelector.cpp
dsp/modulation,extracted/dsp/modulation/SynthesisModeSelector.h,Source_unpacked/Source/UI/SynthesisModeSelector.h
dsp/modulation,extracted/dsp/modulation/PaintQueue.h,Source_unpacked/Source/rt/PaintQueue.h
dsp/modulation,extracted/dsp/modulation/GLBackend.cpp,SpectralCanvasPro_Research_Assets_unpacked/SpectralCanvasPro_Research_Assets/GPU_Acceleration/RenderGL/GLBackend.cpp
dsp/modulation,extracted/dsp/modulation/RenderThread.h,SpectralCanvasPro_Research_Assets_unpacked/SpectralCanvasPro_Research_Assets/GPU_Acceleration/Viz/RenderThread.h
dsp/modulation,extracted/dsp/modulation/SpectralSynthEngineRTStub.h,SpectralCanvasPro_Research_Assets_unpacked/SpectralCanvasPro_Research_Assets/Synthesis_Engines/Synthesis/SpectralSynthEngineRTStub.h
gui/components,extracted/gui/components/SampleManager.h,ResearchVault_unpacked/ResearchVault/Legacy/Audio_Module/SampleManager.h
gui/components,extracted/gui/components/ConfigRoomsCompat.h,ResearchVault_unpacked/ResearchVault/Legacy/Config_Files/ConfigRoomsCompat.h
gui/components,extracted/gui/components/BrushTools.h,ResearchVault_unpacked/ResearchVault/Legacy/GUI_Complete/BrushTools.h
gui/components,extracted/gui/components/CanvasPanel.h,ResearchVault_unpacked/ResearchVault/Legacy/GUI_Complete/CanvasPanel.h
gui/components,extracted/gui/components/ConfigRooms.h,ResearchVault_unpacked/ResearchVault/Legacy/GUI_Complete/ConfigRooms.h
gui/components,extracted/gui/components/ExportDialog.h,ResearchVault_unpacked/ResearchVault/Legacy/GUI_Complete/ExportDialog.h
gui/components,extracted/gui/components/ForgePanel.cpp,ResearchVault_unpacked/ResearchVault/Legacy/GUI_Complete/ForgePanel.cpp
gui/components,extracted/gui/components/ForgePanel.h,ResearchVault_unpacked/ResearchVault/Legacy/GUI_Complete/ForgePanel.h
gui/components,extracted/gui/components/MiniHUD.h,ResearchVault_unpacked/ResearchVault/Legacy/GUI_Complete/MiniHUD.h
gui/components,extracted/gui/components/MinimalBottomStrip.cpp,ResearchVault_unpacked/ResearchVault/Legacy/GUI_Complete/MinimalBottomStrip.cpp
gui/components,extracted/gui/components/MinimalBottomStrip.h,ResearchVault_unpacked/ResearchVault/Legacy/GUI_Complete/MinimalBottomStrip.h
gui/components,extracted/gui/components/SampleSlotComponent.h,ResearchVault_unpacked/ResearchVault/Legacy/GUI_Complete/SampleSlotComponent.h
gui/components,extracted/gui/components/ToastManager.cpp,ResearchVault_unpacked/ResearchVault/Legacy/GUI_Complete/ToastManager.cpp
gui/components,extracted/gui/components/ToastManager.h,ResearchVault_unpacked/ResearchVault/Legacy/GUI_Complete/ToastManager.h
gui/components,extracted/gui/components/TubePanel.h,ResearchVault_unpacked/ResearchVault/Legacy/GUI_Complete/TubePanel.h
gui/components,extracted/gui/components/PluginEditorVector.h,ResearchVault_unpacked/ResearchVault/Legacy/Legacy_Components_Archive/editors/PluginEditorVector.h
gui/components,extracted/gui/components/LookAndFeelRetro.h,ResearchVault_unpacked/ResearchVault/Legacy/Legacy_Components_Archive/lookandfeel/LookAndFeelRetro.h
gui/components,extracted/gui/components/CrashTogglesTests.cpp,ResearchVault_unpacked/ResearchVault/Legacy/Tests_Archive/CrashTogglesTests.cpp
gui/components,extracted/gui/components/Canvas.h,ResearchVault_unpacked/ResearchVault/UI_Frameworks/Archived_UI_Framework_1/Canvas.h
gui/components,extracted/gui/components/CanvasView.h,ResearchVault_unpacked/ResearchVault/UI_Frameworks/Archived_UI_Framework_1/CanvasView.h
gui/components,extracted/gui/components/CharacterSwitch.h,ResearchVault_unpacked/ResearchVault/UI_Frameworks/Archived_UI_Framework_1/CharacterSwitch.h
gui/components,extracted/gui/components/Controls.h,ResearchVault_unpacked/ResearchVault/UI_Frameworks/Archived_UI_Framework_1/Controls.h
gui/components,extracted/gui/components/Layout.h,ResearchVault_unpacked/ResearchVault/UI_Frameworks/Archived_UI_Framework_1/Layout.h
gui/components,extracted/gui/components/Panel.h,ResearchVault_unpacked/ResearchVault/UI_Frameworks/Archived_UI_Framework_1/Panel.h
gui/components,extracted/gui/components/SectionPanel.h,ResearchVault_unpacked/ResearchVault/UI_Frameworks/Archived_UI_Framework_1/SectionPanel.h
gui/components,extracted/gui/components/Tokens.h,ResearchVault_unpacked/ResearchVault/UI_Frameworks/Archived_UI_Framework_1/Tokens.h
gui/components,extracted/gui/components/ForgeProcessor.h,Source_unpacked/Source/Core/ForgeProcessor.h
gui/components,extracted/gui/components/ArtefactLookAndFeel.h,Source_unpacked/Source/GUI/ArtefactLookAndFeel.h
gui/components,extracted/gui/components/CanvasPanel.h,Source_unpacked/Source/GUI/CanvasPanel.h
gui/components,extracted/gui/components/ConfigRooms.h,Source_unpacked/Source/GUI/ConfigRooms.h
gui/components,extracted/gui/components/ExportDialog.h,Source_unpacked/Source/GUI/ExportDialog.h
gui/components,extracted/gui/components/ForgePanel.cpp,Source_unpacked/Source/GUI/ForgePanel.cpp
gui/components,extracted/gui/components/ForgePanel.h,Source_unpacked/Source/GUI/ForgePanel.h
gui/components,extracted/gui/components/TubePanel.h,Source_unpacked/Source/GUI/InspectorPanels/TubePanel.h
gui/components,extracted/gui/components/LCDStrip.h,Source_unpacked/Source/GUI/LCDStrip.h
gui/components,extracted/gui/components/LookAndFeelRetro.h,Source_unpacked/Source/GUI/LookAndFeelRetro.h
gui/components,extracted/gui/components/NineSlice.h,Source_unpacked/Source/GUI/NineSlice.h
gui/components,extracted/gui/components/NineSliceEnhanced.h,Source_unpacked/Source/GUI/NineSliceEnhanced.h
gui/components,extracted/gui/components/SampleSlotComponent.h,Source_unpacked/Source/GUI/SampleSlotComponent.h
gui/components,extracted/gui/components/SpriteSheet.h,Source_unpacked/Source/GUI/SpriteSheet.h
gui/components,extracted/gui/components/MainComponentMinimal.cpp,Source_unpacked/Source/MainComponentMinimal.cpp
gui/components,extracted/gui/components/MainComponentMinimal.h,Source_unpacked/Source/MainComponentMinimal.h
gui/components,extracted/gui/components/SoundRenderer.cpp,Source_unpacked/Source/SoundRenderer.cpp
gui/components,extracted/gui/components/SoundRenderer.h,Source_unpacked/Source/SoundRenderer.h
gui/components,extracted/gui/components/CrashTogglesTests.cpp,Source_unpacked/Source/Tests/CrashTogglesTests.cpp
misc,extracted/misc/ConfigRealms.h,ResearchVault_unpacked/ResearchVault/Legacy/Config_Files/ConfigRealms.h
misc,extracted/misc/MaskGrid.cpp,ResearchVault_unpacked/ResearchVault/Legacy/DSPMinimal_Archive/MaskGrid.cpp
misc,extracted/misc/HopScheduler.h,ResearchVault_unpacked/ResearchVault/Legacy/DSP_Complete/HopScheduler.h
misc,extracted/misc/TestProcessor_STFTIdentity.cpp,ResearchVault_unpacked/ResearchVault/Legacy/Tests_Archive/TestProcessor_STFTIdentity.cpp
misc,extracted/misc/TestSTFT_Continuity.cpp,ResearchVault_unpacked/ResearchVault/Legacy/Tests_Archive/TestSTFT_Continuity.cpp
misc,extracted/misc/GrainPool.cpp,Source_unpacked/Source/Core/GrainPool.cpp
misc,extracted/misc/GrainPool.h,Source_unpacked/Source/Core/GrainPool.h
misc,extracted/misc/ModMatrix.cpp,Source_unpacked/Source/Core/ModMatrix.cpp
misc,extracted/misc/ModMatrix.h,Source_unpacked/Source/Core/ModMatrix.h
misc,extracted/misc/OptimizedCommands.cpp,Source_unpacked/Source/Core/OptimizedCommands.cpp
misc,extracted/misc/RunAllTests.cpp,Source_unpacked/Source/Tests/RunAllTests.cpp
synth/spectral,extracted/synth/spectral/D3D11Renderer_Fixed.h,ResearchVault_unpacked/ResearchVault/Experimental/EMU_Engine/D3D11Renderer_Fixed.h
synth/spectral,extracted/synth/spectral/D3D11Renderer_Simple.cpp,ResearchVault_unpacked/ResearchVault/Experimental/EMU_Engine/D3D11Renderer_Simple.cpp
synth/spectral,extracted/synth/spectral/EMUAudityLookAndFeel.h,ResearchVault_unpacked/ResearchVault/Experimental/EMU_Engine/EMUAudityLookAndFeel.h
synth/spectral,extracted/synth/spectral/EMUDesktopLookAndFeel.cpp,ResearchVault_unpacked/ResearchVault/Experimental/EMU_Engine/EMUDesktopLookAndFeel.cpp
synth/spectral,extracted/synth/spectral/MaskTestFeeder.h,ResearchVault_unpacked/ResearchVault/Legacy/DSP_Complete/MaskTestFeeder.h
synth/spectral,extracted/synth/spectral/PaintEvent.h,ResearchVault_unpacked/ResearchVault/Legacy/DSP_Complete/PaintEvent.h
synth/spectral,extracted/synth/spectral/SpectralMask.h,ResearchVault_unpacked/ResearchVault/Legacy/DSP_Complete/SpectralMask.h
synth/spectral,extracted/synth/spectral/SpectralSynthEngine.h,ResearchVault_unpacked/ResearchVault/Legacy/DSP_Complete/SpectralSynthEngine.h
synth/spectral,extracted/synth/spectral/AudioTrace.cpp,ResearchVault_unpacked/ResearchVault/Legacy/Dev_Tools/AudioTrace.cpp
synth/spectral,extracted/synth/spectral/AssetRegistry.cpp,ResearchVault_unpacked/ResearchVault/Legacy/GUI_Complete/AssetRegistry.cpp
synth/spectral,extracted/synth/spectral/AssetRegistry.h,ResearchVault_unpacked/ResearchVault/Legacy/GUI_Complete/AssetRegistry.h
synth/spectral,extracted/synth/spectral/CanvasComponent.h,ResearchVault_unpacked/ResearchVault/Legacy/GUI_Complete/CanvasComponent.h
synth/spectral,extracted/synth/spectral/HudOverlay.h,ResearchVault_unpacked/ResearchVault/Legacy/GUI_Complete/HudOverlay.h
synth/spectral,extracted/synth/spectral/PaintControlPanel.h,ResearchVault_unpacked/ResearchVault/Legacy/GUI_Complete/PaintControlPanel.h
synth/spectral,extracted/synth/spectral/PerfHUD.h,ResearchVault_unpacked/ResearchVault/Legacy/GUI_Complete/PerfHUD.h
synth/spectral,extracted/synth/spectral/RoomManager.cpp,ResearchVault_unpacked/ResearchVault/Legacy/GUI_Complete/RoomManager.cpp
synth/spectral,extracted/synth/spectral/LogoComponent.h,ResearchVault_unpacked/ResearchVault/Legacy/GUI_Complete/Skin/LogoComponent.h
synth/spectral,extracted/synth/spectral/SpectralLookAndFeel.cpp,ResearchVault_unpacked/ResearchVault/Legacy/GUI_Complete/Skin/SpectralLookAndFeel.cpp
synth/spectral,extracted/synth/spectral/SpectralLookAndFeel.h,ResearchVault_unpacked/ResearchVault/Legacy/GUI_Complete/Skin/SpectralLookAndFeel.h
synth/spectral,extracted/synth/spectral/SpectralPalettes.h,ResearchVault_unpacked/ResearchVault/Legacy/GUI_Complete/Skin/SpectralPalettes.h
synth/spectral,extracted/synth/spectral/SpectrumSynthRoom.h,ResearchVault_unpacked/ResearchVault/Legacy/GUI_Complete/SpectrumSynthRoom.h
synth/spectral,extracted/synth/spectral/StandaloneSampleSlot.cpp,ResearchVault_unpacked/ResearchVault/Legacy/GUI_Complete/StandaloneSampleSlot.cpp
synth/spectral,extracted/synth/spectral/StandaloneSampleSlot.h,ResearchVault_unpacked/ResearchVault/Legacy/GUI_Complete/StandaloneSampleSlot.h
synth/spectral,extracted/synth/spectral/Theme.h,ResearchVault_unpacked/ResearchVault/Legacy/GUI_Complete/Theme.h
synth/spectral,extracted/synth/spectral/ThemeAwareLookAndFeel.cpp,ResearchVault_unpacked/ResearchVault/Legacy/GUI_Complete/ThemeAwareLookAndFeel.cpp
synth/spectral,extracted/synth/spectral/ThemeAwareLookAndFeel.h,ResearchVault_unpacked/ResearchVault/Legacy/GUI_Complete/ThemeAwareLookAndFeel.h
synth/spectral,extracted/synth/spectral/TopStrip.cpp,ResearchVault_unpacked/ResearchVault/Legacy/GUI_Complete/TopStrip.cpp
synth/spectral,extracted/synth/spectral/TopStrip.h,ResearchVault_unpacked/ResearchVault/Legacy/GUI_Complete/TopStrip.h
synth/spectral,extracted/synth/spectral/MainComponent_Legacy.h,ResearchVault_unpacked/ResearchVault/Legacy/Legacy_Components_Archive/MainComponent_Legacy.h
synth/spectral,extracted/synth/spectral/CanvasComponent.h,ResearchVault_unpacked/ResearchVault/Legacy/Legacy_Components_Archive/canvas/CanvasComponent.h
synth/spectral,extracted/synth/spectral/PluginEditor.h,ResearchVault_unpacked/ResearchVault/Legacy/Legacy_Components_Archive/editors/PluginEditor.h
synth/spectral,extracted/synth/spectral/RetroBrutalistLookAndFeel.cpp,ResearchVault_unpacked/ResearchVault/Legacy/Legacy_Components_Archive/lookandfeel/RetroBrutalistLookAndFeel.cpp
synth/spectral,extracted/synth/spectral/RetroBrutalistLookAndFeel.h,ResearchVault_unpacked/ResearchVault/Legacy/Legacy_Components_Archive/lookandfeel/RetroBrutalistLookAndFeel.h
synth/spectral,extracted/synth/spectral/BasicTests.cpp,ResearchVault_unpacked/ResearchVault/Legacy/Tests_Archive/BasicTests.cpp
synth/spectral,extracted/synth/spectral/CriticalComponentTests.cpp,ResearchVault_unpacked/ResearchVault/Legacy/Tests_Archive/CriticalComponentTests.cpp
synth/spectral,extracted/synth/spectral/SpectralCoreTestRunner.cpp,ResearchVault_unpacked/ResearchVault/Legacy/Tests_Archive/SpectralCoreTestRunner.cpp
synth/spectral,extracted/synth/spectral/TestHarmonicQuantizer.cpp,ResearchVault_unpacked/ResearchVault/Legacy/Tests_Archive/TestHarmonicQuantizer.cpp
synth/spectral,extracted/synth/spectral/TestRunner.cpp,ResearchVault_unpacked/ResearchVault/Legacy/Tests_Archive/TestRunner.cpp
synth/spectral,extracted/synth/spectral/TestSpectralSmoke.cpp,ResearchVault_unpacked/ResearchVault/Legacy/Tests_Archive/TestSpectralSmoke.cpp
synth/spectral,extracted/synth/spectral/TestUIAudioThreadSafety.cpp,ResearchVault_unpacked/ResearchVault/Legacy/Tests_Archive/TestUIAudioThreadSafety.cpp
synth/spectral,extracted/synth/spectral/test_atomic_oscillator.cpp,ResearchVault_unpacked/ResearchVault/Legacy/Tests_Archive/dsp/test_atomic_oscillator.cpp
synth/spectral,extracted/synth/spectral/SpectralCanvas.cpp,ResearchVault_unpacked/ResearchVault/Legacy/UIMinimal_Archive/SpectralCanvas.cpp
synth/spectral,extracted/synth/spectral/SpectralCanvas.h,ResearchVault_unpacked/ResearchVault/Legacy/UIMinimal_Archive/SpectralCanvas.h
synth/spectral,extracted/synth/spectral/Determinism.h,ResearchVault_unpacked/ResearchVault/Legacy/Util_Archive/Determinism.h
synth/spectral,extracted/synth/spectral/SafeLogger.cpp,ResearchVault_unpacked/ResearchVault/Legacy/Util_Archive/SafeLogger.cpp
synth/spectral,extracted/synth/spectral/AlchemistLabTheme.h,ResearchVault_unpacked/ResearchVault/UI_Frameworks/Archived_UI_Framework_1/AlchemistLabTheme.h
synth/spectral,extracted/synth/spectral/AssetIntegration.h,ResearchVault_unpacked/ResearchVault/UI_Frameworks/Archived_UI_Framework_1/AssetIntegration.h
synth/spectral,extracted/synth/spectral/ZPlaneSpectralMask.cpp,ResearchVault_unpacked/ResearchVault/_snapshots/snap_20250912-102836_zplane-artefacts/ZPlane/ZPlaneSpectralMask.cpp
synth/spectral,extracted/synth/spectral/ZPlaneSpectralMask.h,ResearchVault_unpacked/ResearchVault/_snapshots/snap_20250912-102836_zplane-artefacts/ZPlane/ZPlaneSpectralMask.h
synth/spectral,extracted/synth/spectral/CanvasComponent.h,Source_unpacked/Source/CanvasComponent.h
synth/spectral,extracted/synth/spectral/CommandLinePanel.h,Source_unpacked/Source/CommandLinePanel.h
synth/spectral,extracted/synth/spectral/AtomicOscillator.cpp,Source_unpacked/Source/Core/AtomicOscillator.cpp
synth/spectral,extracted/synth/spectral/CanvasLayer.cpp,Source_unpacked/Source/Core/CanvasLayer.cpp
synth/spectral,extracted/synth/spectral/CanvasLayer.h,Source_unpacked/Source/Core/CanvasLayer.h
synth/spectral,extracted/synth/spectral/CanvasProcessor.cpp,Source_unpacked/Source/Core/CanvasProcessor.cpp
synth/spectral,extracted/synth/spectral/CanvasProcessor.h,Source_unpacked/Source/Core/CanvasProcessor.h
synth/spectral,extracted/synth/spectral/ColorToSpectralMapper.h,Source_unpacked/Source/Core/ColorToSpectralMapper.h
synth/spectral,extracted/synth/spectral/Config.cpp,Source_unpacked/Source/Core/Config.cpp
synth/spectral,extracted/synth/spectral/Config.h,Source_unpacked/Source/Core/Config.h
synth/spectral,extracted/synth/spectral/ForgeVoice.cpp,Source_unpacked/Source/Core/ForgeVoice.cpp
synth/spectral,extracted/synth/spectral/HardwareControllerManager.cpp,Source_unpacked/Source/Core/HardwareControllerManager.cpp
synth/spectral,extracted/synth/spectral/HardwareControllerManager.h,Source_unpacked/Source/Core/HardwareControllerManager.h
synth/spectral,extracted/synth/spectral/ObjectPool.cpp,Source_unpacked/Source/Core/ObjectPool.cpp
synth/spectral,extracted/synth/spectral/PaintEngineTest.cpp,Source_unpacked/Source/Core/PaintEngineTest.cpp
synth/spectral,extracted/synth/spectral/PerformanceProfiler.h,Source_unpacked/Source/Core/PerformanceProfiler.h
synth/spectral,extracted/synth/spectral/QualityGuardian.cpp,Source_unpacked/Source/Core/QualityGuardian.cpp
synth/spectral,extracted/synth/spectral/QualityGuardian.h,Source_unpacked/Source/Core/QualityGuardian.h
synth/spectral,extracted/synth/spectral/QualityMonitor.cpp,Source_unpacked/Source/Core/QualityMonitor.cpp
synth/spectral,extracted/synth/spectral/QualityMonitor.h,Source_unpacked/Source/Core/QualityMonitor.h
synth/spectral,extracted/synth/spectral/SessionManager.h,Source_unpacked/Source/Core/SessionManager.h
synth/spectral,extracted/synth/spectral/SpatialGridTest.cpp,Source_unpacked/Source/Core/SpatialGridTest.cpp
synth/spectral,extracted/synth/spectral/UndoableActions.h,Source_unpacked/Source/Core/UndoableActions.h
synth/spectral,extracted/synth/spectral/VisualFeedbackEngine.h,Source_unpacked/Source/Core/VisualFeedbackEngine.h
synth/spectral,extracted/synth/spectral/ArtefactLookAndFeel.cpp,Source_unpacked/Source/GUI/ArtefactLookAndFeel.cpp
synth/spectral,extracted/synth/spectral/AssetRegistry.cpp,Source_unpacked/Source/GUI/AssetRegistry.cpp
synth/spectral,extracted/synth/spectral/AssetRegistry.h,Source_unpacked/Source/GUI/AssetRegistry.h
synth/spectral,extracted/synth/spectral/HudOverlay.h,Source_unpacked/Source/GUI/HudOverlay.h
synth/spectral,extracted/synth/spectral/LayoutSpec.h,Source_unpacked/Source/GUI/LayoutSpec.h
synth/spectral,extracted/synth/spectral/PaintControlPanel.h,Source_unpacked/Source/GUI/PaintControlPanel.h
synth/spectral,extracted/synth/spectral/PluginEditor.h,Source_unpacked/Source/GUI/PluginEditor.h
synth/spectral,extracted/synth/spectral/RoomManager.cpp,Source_unpacked/Source/GUI/RoomManager.cpp
synth/spectral,extracted/synth/spectral/LogoComponent.h,Source_unpacked/Source/GUI/Skin/LogoComponent.h
synth/spectral,extracted/synth/spectral/SpectralLookAndFeel.cpp,Source_unpacked/Source/GUI/Skin/SpectralLookAndFeel.cpp
synth/spectral,extracted/synth/spectral/SpectralLookAndFeel.h,Source_unpacked/Source/GUI/Skin/SpectralLookAndFeel.h
synth/spectral,extracted/synth/spectral/SpectralPalettes.h,Source_unpacked/Source/GUI/Skin/SpectralPalettes.h
synth/spectral,extracted/synth/spectral/SpectrumSynthRoom.h,Source_unpacked/Source/GUI/SpectrumSynthRoom.h
synth/spectral,extracted/synth/spectral/StandaloneSampleSlot.cpp,Source_unpacked/Source/GUI/StandaloneSampleSlot.cpp
synth/spectral,extracted/synth/spectral/StandaloneSampleSlot.h,Source_unpacked/Source/GUI/StandaloneSampleSlot.h
synth/spectral,extracted/synth/spectral/Theme.h,Source_unpacked/Source/GUI/Theme.h
synth/spectral,extracted/synth/spectral/TopBar.h,Source_unpacked/Source/GUI/TopBar.h
synth/spectral,extracted/synth/spectral/Main.cpp,Source_unpacked/Source/Main.cpp
synth/spectral,extracted/synth/spectral/MainComponent_Legacy.h,Source_unpacked/Source/MainComponent_Legacy.h
synth/spectral,extracted/synth/spectral/Main_Minimal.cpp,Source_unpacked/Source/Main_Minimal.cpp
synth/spectral,extracted/synth/spectral/ProfessionalErrorDialog.h,Source_unpacked/Source/ProfessionalErrorDialog.h
synth/spectral,extracted/synth/spectral/ProfessionalKeyboardShortcuts.cpp,Source_unpacked/Source/ProfessionalKeyboardShortcuts.cpp
synth/spectral,extracted/synth/spectral/RetroBrutalistLookAndFeel.cpp,Source_unpacked/Source/RetroBrutalistLookAndFeel.cpp
synth/spectral,extracted/synth/spectral/RetroBrutalistLookAndFeel.h,Source_unpacked/Source/RetroBrutalistLookAndFeel.h
synth/spectral,extracted/synth/spectral/HudMetrics.h,Source_unpacked/Source/Telemetry/HudMetrics.h
synth/spectral,extracted/synth/spectral/BasicTests.cpp,Source_unpacked/Source/Tests/BasicTests.cpp
synth/spectral,extracted/synth/spectral/CriticalComponentTests.cpp,Source_unpacked/Source/Tests/CriticalComponentTests.cpp
synth/spectral,extracted/synth/spectral/TestRunner.cpp,Source_unpacked/Source/Tests/TestRunner.cpp
synth/spectral,extracted/synth/spectral/test_atomic_oscillator.cpp,Source_unpacked/Source/Tests/dsp/test_atomic_oscillator.cpp
synth/spectral,extracted/synth/spectral/TrackerDrumSequencer.h,Source_unpacked/Source/TrackerDrumSequencer.h
synth/spectral,extracted/synth/spectral/TrackerPatternComponent.h,Source_unpacked/Source/TrackerPatternComponent.h
synth/spectral,extracted/synth/spectral/AlchemistLabTheme.h,Source_unpacked/Source/UI/AlchemistLabTheme.h
synth/spectral,extracted/synth/spectral/EMUAudityLookAndFeel.h,Source_unpacked/Source/UI/EMUAudityLookAndFeel.h
synth/spectral,extracted/synth/spectral/EMUDesktopLookAndFeel.cpp,Source_unpacked/Source/UI/EMUDesktopLookAndFeel.cpp
synth/spectral,extracted/synth/spectral/ProcessBlockImpl.cpp,Source_unpacked/Source/duplicates/ProcessBlockImpl.cpp
synth/spectral,extracted/synth/spectral/HudMetrics.h,SpectralCanvasPro_Research_Assets_unpacked/SpectralCanvasPro_Research_Assets/Analytics/Telemetry/HudMetrics.h
synth/spectral,extracted/synth/spectral/GLBackend.h,SpectralCanvasPro_Research_Assets_unpacked/SpectralCanvasPro_Research_Assets/GPU_Acceleration/RenderGL/GLBackend.h
synth/spectral,extracted/synth/spectral/DeviceLostHandler.h,SpectralCanvasPro_Research_Assets_unpacked/SpectralCanvasPro_Research_Assets/GPU_Acceleration/Viz/DeviceLostHandler.h
synth/spectral,extracted/synth/spectral/GpuRenderer.cpp,SpectralCanvasPro_Research_Assets_unpacked/SpectralCanvasPro_Research_Assets/GPU_Acceleration/Viz/GpuRenderer.cpp
synth/spectral,extracted/synth/spectral/GpuRenderer.h,SpectralCanvasPro_Research_Assets_unpacked/SpectralCanvasPro_Research_Assets/GPU_Acceleration/Viz/GpuRenderer.h
synth/spectral,extracted/synth/spectral/ZPlaneCoefficientBank.cpp,SpectralCanvasPro_Research_Assets_unpacked/SpectralCanvasPro_Research_Assets/Synthesis_Engines/ZPlane/ZPlaneCoefficientBank.cpp
synth/spectral,extracted/synth/spectral/ZPlaneSpectralMask.cpp,SpectralCanvasPro_Research_Assets_unpacked/SpectralCanvasPro_Research_Assets/Synthesis_Engines/ZPlane/ZPlaneSpectralMask.cpp
synth/spectral,extracted/synth/spectral/ZPlaneSpectralMask.h,SpectralCanvasPro_Research_Assets_unpacked/SpectralCanvasPro_Research_Assets/Synthesis_Engines/ZPlane/ZPlaneSpectralMask.h
synth/spectral,extracted/synth/spectral/ZPlaneUtils.h,SpectralCanvasPro_Research_Assets_unpacked/SpectralCanvasPro_Research_Assets/Synthesis_Engines/ZPlane/ZPlaneUtils.h
utils/concurrency,extracted/utils/concurrency/AudioThreadAudit.h,ResearchVault_unpacked/ResearchVault/Legacy/CoreMinimal_Archive/AudioThreadAudit.h
utils/concurrency,extracted/utils/concurrency/ChimeraGuard.cpp,ResearchVault_unpacked/ResearchVault/Legacy/DSP_Complete/ChimeraGuard.cpp
utils/concurrency,extracted/utils/concurrency/GestureEvent.h,ResearchVault_unpacked/ResearchVault/Legacy/DSP_Complete/GestureEvent.h
utils/concurrency,extracted/utils/concurrency/MaskingHeatMapOverlay.h,ResearchVault_unpacked/ResearchVault/Legacy/GUI_Complete/MaskingHeatMapOverlay.h
utils/concurrency,extracted/utils/concurrency/PsychoacousticMaskingEngine.cpp,ResearchVault_unpacked/ResearchVault/Psychoacoustics/PsychoacousticMaskingEngine.cpp
utils/concurrency,extracted/utils/concurrency/PsychoacousticMaskingEngine.h,ResearchVault_unpacked/ResearchVault/Psychoacoustics/PsychoacousticMaskingEngine.h
utils/concurrency,extracted/utils/concurrency/Commands.h,Source_unpacked/Source/Core/Commands.h
utils/concurrency,extracted/utils/concurrency/ParameterBridge.h,Source_unpacked/Source/Core/ParameterBridge.h
utils/concurrency,extracted/utils/concurrency/SafetyChecks.h,Source_unpacked/Source/Core/SafetyChecks.h
utils/math,extracted/utils/math/EMUAudityLookAndFeel.cpp,ResearchVault_unpacked/ResearchVault/Experimental/EMU_Engine/EMUAudityLookAndFeel.cpp
utils/math,extracted/utils/math/SampleManager.cpp,ResearchVault_unpacked/ResearchVault/Legacy/Audio_Module/SampleManager.cpp
utils/math,extracted/utils/math/CanvasPanel.cpp,ResearchVault_unpacked/ResearchVault/Legacy/GUI_Complete/CanvasPanel.cpp
utils/math,extracted/utils/math/HudFormatter.h,ResearchVault_unpacked/ResearchVault/Legacy/GUI_Complete/HudFormatter.h
utils/math,extracted/utils/math/MaskingHeatMapOverlay.cpp,ResearchVault_unpacked/ResearchVault/Legacy/GUI_Complete/MaskingHeatMapOverlay.cpp
utils/math,extracted/utils/math/LogoComponent.cpp,ResearchVault_unpacked/ResearchVault/Legacy/GUI_Complete/Skin/LogoComponent.cpp
utils/math,extracted/utils/math/LookAndFeelRetro.cpp,ResearchVault_unpacked/ResearchVault/Legacy/Legacy_Components_Archive/lookandfeel/LookAndFeelRetro.cpp
utils/math,extracted/utils/math/SampleTest.cpp,ResearchVault_unpacked/ResearchVault/Legacy/Tests_Archive/SampleTest.cpp
utils/math,extracted/utils/math/TestMappingLogic.h,ResearchVault_unpacked/ResearchVault/Legacy/Tests_Archive/TestMappingLogic.h
utils/math,extracted/utils/math/AssetManager.h,ResearchVault_unpacked/ResearchVault/UI_Frameworks/Archived_UI_Framework_1/AssetManager.h
utils/math,extracted/utils/math/AssetMap.h,ResearchVault_unpacked/ResearchVault/UI_Frameworks/Archived_UI_Framework_1/AssetMap.h
utils/math,extracted/utils/math/AssetProcessor.h,ResearchVault_unpacked/ResearchVault/UI_Frameworks/Archived_UI_Framework_1/AssetProcessor.h
utils/math,extracted/utils/math/AssetTestComponent.h,ResearchVault_unpacked/ResearchVault/UI_Frameworks/Archived_UI_Framework_1/AssetTestComponent.h
utils/math,extracted/utils/math/LookAndFeelPro.h,ResearchVault_unpacked/ResearchVault/UI_Frameworks/Archived_UI_Framework_1/LookAndFeelPro.h
utils/math,extracted/utils/math/Theme.h,ResearchVault_unpacked/ResearchVault/UI_Frameworks/Archived_UI_Framework_1/Theme.h
utils/math,extracted/utils/math/ZPlaneCoefficientBank.cpp,ResearchVault_unpacked/ResearchVault/_snapshots/snap_20250912-102836_zplane-artefacts/ZPlane/ZPlaneCoefficientBank.cpp
utils/math,extracted/utils/math/ZPlaneUtils.h,ResearchVault_unpacked/ResearchVault/_snapshots/snap_20250912-102836_zplane-artefacts/ZPlane/ZPlaneUtils.h
utils/math,extracted/utils/math/CanvasPanel.cpp,Source_unpacked/Source/GUI/CanvasPanel.cpp
utils/math,extracted/utils/math/LookAndFeelRetro.cpp,Source_unpacked/Source/GUI/LookAndFeelRetro.cpp
utils/math,extracted/utils/math/LogoComponent.cpp,Source_unpacked/Source/GUI/Skin/LogoComponent.cpp
utils/math,extracted/utils/math/TestApp.h,Source_unpacked/Source/TestApp.h
utils/math,extracted/utils/math/SampleTest.cpp,Source_unpacked/Source/Tests/SampleTest.cpp
utils/math,extracted/utils/math/TestMappingLogic.h,Source_unpacked/Source/Tests/TestMappingLogic.h
utils/math,extracted/utils/math/EMUAudityLookAndFeel.cpp,Source_unpacked/Source/UI/EMUAudityLookAndFeel.cpp
utils/math,extracted/utils/math/pch.h,Source_unpacked/Source/pch.h
utils/parameters,extracted/utils/parameters/ParamIDs.h,Source_unpacked/Source/Core/ParamIDs.h
